building_chain	id
#building_chain_availability_sets_tables;0;db/building_chain_availability_sets_tables/derpy_more_resources
derpy_mr_bld_gromril	wh_main_bas_dwf
derpy_mr_bld_ithilmar	wh2_main_bas_hef
derpy_mr_bld_ithilmar	wh3_dlc27_bas_aislinn
derpy_mr_bld_dragon_bone_brt	wh_main_bas_brt
derpy_mr_bld_dragon_bone_chd	wh3_dl23_bas_chd
derpy_mr_bld_dragon_bone_chs	wh3_dlc29_woc_glottkin
derpy_mr_bld_dragon_bone_chs	wh_main_bas_chs
derpy_mr_bld_dragon_bone_cst	wh_dlc11_bas_cst
derpy_mr_bld_dragon_bone_cth	wh3_main_bas_cth
derpy_mr_bld_dragon_bone_def	wh2_main_bas_def
derpy_mr_bld_dragon_bone_def	wh3_main_def_lokhir
derpy_mr_bld_dragon_bone_dwf	wh_main_bas_dwf
derpy_mr_bld_dragon_bone_emp	wh_main_bas_emp
derpy_mr_bld_dragon_bone_emp	wh_main_bas_teb
derpy_mr_bld_dragon_bone_grn	wh_main_bas_gob
derpy_mr_bld_dragon_bone_grn	wh_main_bas_grn
derpy_mr_bld_dragon_bone_grn	wh_main_bas_orc
derpy_mr_bld_dragon_bone_grn	wh_main_bas_savorc
derpy_mr_bld_dragon_bone_hef	wh2_main_bas_hef
derpy_mr_bld_dragon_bone_hef	wh3_dlc27_bas_aislinn
derpy_mr_bld_dragon_bone_ksl	wh3_main_bas_ksl
derpy_mr_bld_dragon_bone_lzd	wh2_dlc13_bas_dgp
derpy_mr_bld_dragon_bone_lzd	wh2_dlc13_bas_lzd
derpy_mr_bld_dragon_bone_lzd	wh2_main_bas_lzd
derpy_mr_bld_dragon_bone_nor	wh3_dlc27_nor_sayl
derpy_mr_bld_dragon_bone_nor	wh3_dlc27_nor_throgg
derpy_mr_bld_dragon_bone_nor	wh_main_bas_nor
derpy_mr_bld_dragon_bone_ogr	wh3_main_bas_ogr
derpy_mr_bld_dragon_bone_skv	wh2_main_bas_skv
derpy_mr_bld_dragon_bone_skv	wh3_dlc29_skv_thanquol
derpy_mr_bld_dragon_bone_skv	wh3_main_skv_endgame
derpy_mr_bld_dragon_bone_vmp	wh_main_bas_vmp
derpy_mr_bld_dragon_bone_vmp	wh_main_bas_vmp_mannfred
derpy_mr_bld_dragon_bone_wef	wh_dlc05_bas_wef
derpy_mr_bld_sea_dragon_hide	wh2_main_bas_def
derpy_mr_bld_sea_dragon_hide	wh3_main_def_lokhir
derpy_mr_bld_black_lotus_def	wh2_main_bas_def
derpy_mr_bld_black_lotus_def	wh3_main_def_lokhir
derpy_mr_bld_black_lotus_skv	wh2_main_bas_skv
derpy_mr_bld_black_lotus_skv	wh3_dlc29_skv_thanquol
derpy_mr_bld_black_lotus_skv	wh3_main_skv_endgame
derpy_mr_bld_starwood	wh_dlc05_bas_wef
derpy_mr_bld_feathers_brt	wh_main_bas_brt
derpy_mr_bld_feathers_emp	wh_main_bas_emp
derpy_mr_bld_feathers_emp	wh_main_bas_teb
derpy_mr_bld_wyvern_scales_grn	wh_main_bas_gob
derpy_mr_bld_wyvern_scales_grn	wh_main_bas_grn
derpy_mr_bld_wyvern_scales_grn	wh_main_bas_orc
derpy_mr_bld_wyvern_scales_grn	wh_main_bas_savorc
derpy_mr_bld_wyvern_scales_ogr	wh3_main_bas_ogr
