key	baseline_price_per_unit
#commodities_tables;1;db/commodities_tables/derpy_more_resources
res_derpy_salted_fish	10.0000
res_derpy_whale_oil	12.0000
res_derpy_sea_dragon_hide	18.0000
res_derpy_rum	14.0000
res_derpy_amber	14.0000
res_derpy_grain	10.0000
res_derpy_warhorses	16.0000
res_derpy_pipeweed	14.0000
res_derpy_books	15.0000
res_derpy_olive_oil	12.0000
res_derpy_silk	16.0000
res_derpy_tea	14.0000
res_derpy_jade	16.0000
res_derpy_coal	10.0000
res_derpy_silver	15.0000
res_derpy_gromril	20.0000
res_derpy_quicksilver	14.0000
res_derpy_brimstone	12.0000
res_derpy_brass	12.0000
res_derpy_blackpowder	14.0000
res_derpy_ithilmar	20.0000
res_derpy_dragon_bone	20.0000
res_derpy_lustrian_plumes	15.0000
res_derpy_black_lotus	18.0000
res_derpy_incense	15.0000
res_derpy_salted_meat	10.0000
res_derpy_carpets	16.0000
res_derpy_kvas	12.0000
res_derpy_rhinox_hides	12.0000
res_derpy_mead	12.0000
res_derpy_glassware	15.0000
res_derpy_wool	10.0000
res_derpy_porcelain	16.0000
res_derpy_pearls	18.0000
res_derpy_starwood	20.0000
res_derpy_feathers	18.0000
res_derpy_wyvern_scales	18.0000
