effect	bonus_value_id	resource
#effect_bonus_value_resource_junction_tables;0;db/effect_bonus_value_resource_junction_tables/derpy_more_resources
derpy_effect_region_resource_salted_fish_production	production	res_derpy_salted_fish
derpy_effect_region_resource_whale_oil_production	production	res_derpy_whale_oil
derpy_effect_region_resource_sea_dragon_hide_production	production	res_derpy_sea_dragon_hide
derpy_effect_region_resource_rum_production	production	res_derpy_rum
derpy_effect_region_resource_amber_production	production	res_derpy_amber
derpy_effect_region_resource_grain_production	production	res_derpy_grain
derpy_effect_region_resource_warhorses_production	production	res_derpy_warhorses
derpy_effect_region_resource_pipeweed_production	production	res_derpy_pipeweed
derpy_effect_region_resource_books_production	production	res_derpy_books
derpy_effect_region_resource_olive_oil_production	production	res_derpy_olive_oil
derpy_effect_region_resource_silk_production	production	res_derpy_silk
derpy_effect_region_resource_tea_production	production	res_derpy_tea
derpy_effect_region_resource_jade_production	production	res_derpy_jade
derpy_effect_region_resource_coal_production	production	res_derpy_coal
derpy_effect_region_resource_silver_production	production	res_derpy_silver
derpy_effect_region_resource_gromril_production	production	res_derpy_gromril
derpy_effect_region_resource_quicksilver_production	production	res_derpy_quicksilver
derpy_effect_region_resource_brimstone_production	production	res_derpy_brimstone
derpy_effect_region_resource_brass_production	production	res_derpy_brass
derpy_effect_region_resource_blackpowder_production	production	res_derpy_blackpowder
derpy_effect_region_resource_ithilmar_production	production	res_derpy_ithilmar
derpy_effect_region_resource_dragon_bone_production	production	res_derpy_dragon_bone
derpy_effect_region_resource_lustrian_plumes_production	production	res_derpy_lustrian_plumes
derpy_effect_region_resource_black_lotus_production	production	res_derpy_black_lotus
derpy_effect_region_resource_incense_production	production	res_derpy_incense
derpy_effect_region_resource_salted_meat_production	production	res_derpy_salted_meat
derpy_effect_region_resource_carpets_production	production	res_derpy_carpets
derpy_effect_region_resource_kvas_production	production	res_derpy_kvas
derpy_effect_region_resource_rhinox_hides_production	production	res_derpy_rhinox_hides
derpy_effect_region_resource_mead_production	production	res_derpy_mead
derpy_effect_region_resource_glassware_production	production	res_derpy_glassware
derpy_effect_region_resource_wool_production	production	res_derpy_wool
derpy_effect_region_resource_porcelain_production	production	res_derpy_porcelain
derpy_effect_region_resource_pearls_production	production	res_derpy_pearls
derpy_effect_region_resource_starwood_production	production	res_derpy_starwood
derpy_effect_region_resource_feathers_production	production	res_derpy_feathers
derpy_effect_region_resource_wyvern_scales_production	production	res_derpy_wyvern_scales
