building	effect	effect_scope	value	value_damaged	value_ruined	context_requirement
#building_effects_junction_tables;0;db/building_effects_junction_tables/derpy_more_resources_oldworld
cr_special_kraka_ravnvake_port_1	derpy_effect_region_resource_salted_fish_production	building_to_building_own	6.0000	3.0000	0.0000	derpy_mr_salted_fish_0
cr_special_kraka_ravnvake_port_2	derpy_effect_region_resource_salted_fish_production	building_to_building_own	8.0000	4.0000	0.0000	derpy_mr_salted_fish_0
cr_special_kraka_ravnvake_port_3	derpy_effect_region_resource_salted_fish_production	building_to_building_own	12.0000	6.0000	0.0000	derpy_mr_salted_fish_0
cr_special_kraka_ravnvake_port_wef_1	derpy_effect_region_resource_salted_fish_production	building_to_building_own	6.0000	3.0000	0.0000	derpy_mr_salted_fish_0
cr_special_kraka_ravnvake_port_1	derpy_effect_region_resource_whale_oil_production	building_to_building_own	6.0000	3.0000	0.0000	derpy_mr_whale_oil_0
cr_special_kraka_ravnvake_port_2	derpy_effect_region_resource_whale_oil_production	building_to_building_own	8.0000	4.0000	0.0000	derpy_mr_whale_oil_0
cr_special_kraka_ravnvake_port_3	derpy_effect_region_resource_whale_oil_production	building_to_building_own	12.0000	6.0000	0.0000	derpy_mr_whale_oil_0
cr_special_kraka_ravnvake_port_wef_1	derpy_effect_region_resource_whale_oil_production	building_to_building_own	6.0000	3.0000	0.0000	derpy_mr_whale_oil_0
cr_special_kraka_ravnvake_port_1	derpy_effect_region_resource_sea_dragon_hide_production	building_to_building_own	3.0000	2.0000	0.0000	derpy_mr_sea_dragon_hide_0
cr_special_kraka_ravnvake_port_2	derpy_effect_region_resource_sea_dragon_hide_production	building_to_building_own	4.0000	2.0000	0.0000	derpy_mr_sea_dragon_hide_0
cr_special_kraka_ravnvake_port_3	derpy_effect_region_resource_sea_dragon_hide_production	building_to_building_own	6.0000	3.0000	0.0000	derpy_mr_sea_dragon_hide_0
cr_special_kraka_ravnvake_port_wef_1	derpy_effect_region_resource_sea_dragon_hide_production	building_to_building_own	3.0000	2.0000	0.0000	derpy_mr_sea_dragon_hide_0
cr_special_kraka_ravnvake_port_1	derpy_effect_region_resource_rum_production	building_to_building_own	6.0000	3.0000	0.0000	derpy_mr_rum_0
cr_special_kraka_ravnvake_port_2	derpy_effect_region_resource_rum_production	building_to_building_own	8.0000	4.0000	0.0000	derpy_mr_rum_0
cr_special_kraka_ravnvake_port_3	derpy_effect_region_resource_rum_production	building_to_building_own	12.0000	6.0000	0.0000	derpy_mr_rum_0
cr_special_kraka_ravnvake_port_wef_1	derpy_effect_region_resource_rum_production	building_to_building_own	6.0000	3.0000	0.0000	derpy_mr_rum_0
cr_special_kraka_ravnvake_port_1	derpy_effect_region_resource_amber_production	building_to_building_own	6.0000	3.0000	0.0000	derpy_mr_amber_0
cr_special_kraka_ravnvake_port_2	derpy_effect_region_resource_amber_production	building_to_building_own	8.0000	4.0000	0.0000	derpy_mr_amber_0
cr_special_kraka_ravnvake_port_3	derpy_effect_region_resource_amber_production	building_to_building_own	12.0000	6.0000	0.0000	derpy_mr_amber_0
cr_special_kraka_ravnvake_port_wef_1	derpy_effect_region_resource_amber_production	building_to_building_own	6.0000	3.0000	0.0000	derpy_mr_amber_0
cr_special_settlement_mordheim_1_wef	derpy_effect_region_resource_books_production	building_to_building_own	8.0000	4.0000	0.0000	derpy_mr_books_0
cr_special_roc_outpost_1	derpy_effect_region_resource_books_production	building_to_building_own	8.0000	4.0000	0.0000	derpy_mr_books_0
cr_special_roc_outpost_2	derpy_effect_region_resource_books_production	building_to_building_own	12.0000	6.0000	0.0000	derpy_mr_books_0
cr_special_settlement_mordheim_1_wef	derpy_effect_region_resource_blackpowder_production	building_to_building_own	4.0000	2.0000	0.0000	derpy_mr_blackpowder_1
cr_special_roc_outpost_1	derpy_effect_region_resource_blackpowder_production	building_to_building_own	4.0000	2.0000	0.0000	derpy_mr_blackpowder_1
cr_special_roc_outpost_2	derpy_effect_region_resource_blackpowder_production	building_to_building_own	6.0000	3.0000	0.0000	derpy_mr_blackpowder_1
cr_special_settlement_mordheim_1_wef	derpy_effect_region_resource_ithilmar_production	building_to_building_own	2.0000	1.0000	0.0000	derpy_mr_ithilmar_1
cr_special_roc_outpost_1	derpy_effect_region_resource_ithilmar_production	building_to_building_own	2.0000	1.0000	0.0000	derpy_mr_ithilmar_1
cr_special_roc_outpost_2	derpy_effect_region_resource_ithilmar_production	building_to_building_own	3.0000	2.0000	0.0000	derpy_mr_ithilmar_1
cr_special_settlement_mordheim_1_wef	derpy_effect_region_resource_dragon_bone_production	building_to_building_own	2.0000	1.0000	0.0000	derpy_mr_dragon_bone_0
cr_special_roc_outpost_1	derpy_effect_region_resource_dragon_bone_production	building_to_building_own	2.0000	1.0000	0.0000	derpy_mr_dragon_bone_0
cr_special_roc_outpost_2	derpy_effect_region_resource_dragon_bone_production	building_to_building_own	3.0000	2.0000	0.0000	derpy_mr_dragon_bone_0
cr_special_kraka_ravnvake_port_1	derpy_effect_region_resource_pearls_production	building_to_building_own	6.0000	3.0000	0.0000	derpy_mr_pearls_0
cr_special_kraka_ravnvake_port_2	derpy_effect_region_resource_pearls_production	building_to_building_own	8.0000	4.0000	0.0000	derpy_mr_pearls_0
cr_special_kraka_ravnvake_port_3	derpy_effect_region_resource_pearls_production	building_to_building_own	12.0000	6.0000	0.0000	derpy_mr_pearls_0
cr_special_kraka_ravnvake_port_wef_1	derpy_effect_region_resource_pearls_production	building_to_building_own	6.0000	3.0000	0.0000	derpy_mr_pearls_0
cr_special_settlement_mordheim_1_wef	derpy_effect_region_resource_wyvern_scales_production	building_to_building_own	2.0000	1.0000	0.0000	derpy_mr_wyvern_scales_0
cr_special_roc_outpost_1	derpy_effect_region_resource_wyvern_scales_production	building_to_building_own	2.0000	1.0000	0.0000	derpy_mr_wyvern_scales_0
cr_special_roc_outpost_2	derpy_effect_region_resource_wyvern_scales_production	building_to_building_own	3.0000	2.0000	0.0000	derpy_mr_wyvern_scales_0
cr_special_kraka_ravnvake_port_1	wh_main_effect_region_resource_salt_production	building_to_building_own	6.0000	3.0000	0.0000	derpy_mr_salt_0
cr_special_kraka_ravnvake_port_2	wh_main_effect_region_resource_salt_production	building_to_building_own	8.0000	4.0000	0.0000	derpy_mr_salt_0
cr_special_kraka_ravnvake_port_3	wh_main_effect_region_resource_salt_production	building_to_building_own	12.0000	6.0000	0.0000	derpy_mr_salt_0
cr_special_kraka_ravnvake_port_wef_1	wh_main_effect_region_resource_salt_production	building_to_building_own	6.0000	3.0000	0.0000	derpy_mr_salt_0
cr_special_kraka_ravnvake_port_1	derpy_mr_store_salted_fish_stocked	region_to_region_own	6.0000	3.0000	0.0000	derpy_mr_salted_fish_0
cr_special_kraka_ravnvake_port_2	derpy_mr_store_salted_fish_stocked	region_to_region_own	8.0000	4.0000	0.0000	derpy_mr_salted_fish_0
cr_special_kraka_ravnvake_port_3	derpy_mr_store_salted_fish_stocked	region_to_region_own	12.0000	6.0000	0.0000	derpy_mr_salted_fish_0
cr_special_kraka_ravnvake_port_wef_1	derpy_mr_store_salted_fish_stocked	region_to_region_own	6.0000	3.0000	0.0000	derpy_mr_salted_fish_0
cr_special_kraka_ravnvake_port_1	derpy_mr_store_whale_oil_stocked	region_to_region_own	6.0000	3.0000	0.0000	derpy_mr_whale_oil_0
cr_special_kraka_ravnvake_port_2	derpy_mr_store_whale_oil_stocked	region_to_region_own	8.0000	4.0000	0.0000	derpy_mr_whale_oil_0
cr_special_kraka_ravnvake_port_3	derpy_mr_store_whale_oil_stocked	region_to_region_own	12.0000	6.0000	0.0000	derpy_mr_whale_oil_0
cr_special_kraka_ravnvake_port_wef_1	derpy_mr_store_whale_oil_stocked	region_to_region_own	6.0000	3.0000	0.0000	derpy_mr_whale_oil_0
cr_special_kraka_ravnvake_port_1	derpy_mr_store_sea_dragon_hide_stocked	region_to_region_own	3.0000	2.0000	0.0000	derpy_mr_sea_dragon_hide_0
cr_special_kraka_ravnvake_port_2	derpy_mr_store_sea_dragon_hide_stocked	region_to_region_own	4.0000	2.0000	0.0000	derpy_mr_sea_dragon_hide_0
cr_special_kraka_ravnvake_port_3	derpy_mr_store_sea_dragon_hide_stocked	region_to_region_own	6.0000	3.0000	0.0000	derpy_mr_sea_dragon_hide_0
cr_special_kraka_ravnvake_port_wef_1	derpy_mr_store_sea_dragon_hide_stocked	region_to_region_own	3.0000	2.0000	0.0000	derpy_mr_sea_dragon_hide_0
cr_special_kraka_ravnvake_port_1	derpy_mr_store_rum_stocked	region_to_region_own	6.0000	3.0000	0.0000	derpy_mr_rum_0
cr_special_kraka_ravnvake_port_2	derpy_mr_store_rum_stocked	region_to_region_own	8.0000	4.0000	0.0000	derpy_mr_rum_0
cr_special_kraka_ravnvake_port_3	derpy_mr_store_rum_stocked	region_to_region_own	12.0000	6.0000	0.0000	derpy_mr_rum_0
cr_special_kraka_ravnvake_port_wef_1	derpy_mr_store_rum_stocked	region_to_region_own	6.0000	3.0000	0.0000	derpy_mr_rum_0
cr_special_kraka_ravnvake_port_1	derpy_mr_store_amber_stocked	region_to_region_own	6.0000	3.0000	0.0000	derpy_mr_amber_0
cr_special_kraka_ravnvake_port_2	derpy_mr_store_amber_stocked	region_to_region_own	8.0000	4.0000	0.0000	derpy_mr_amber_0
cr_special_kraka_ravnvake_port_3	derpy_mr_store_amber_stocked	region_to_region_own	12.0000	6.0000	0.0000	derpy_mr_amber_0
cr_special_kraka_ravnvake_port_wef_1	derpy_mr_store_amber_stocked	region_to_region_own	6.0000	3.0000	0.0000	derpy_mr_amber_0
cr_special_settlement_mordheim_1_wef	derpy_mr_store_books_stocked	region_to_region_own	8.0000	4.0000	0.0000	derpy_mr_books_0
cr_special_roc_outpost_1	derpy_mr_store_books_stocked	region_to_region_own	8.0000	4.0000	0.0000	derpy_mr_books_0
cr_special_roc_outpost_2	derpy_mr_store_books_stocked	region_to_region_own	12.0000	6.0000	0.0000	derpy_mr_books_0
cr_special_settlement_mordheim_1_wef	derpy_mr_store_blackpowder_stocked	region_to_region_own	4.0000	2.0000	0.0000	derpy_mr_blackpowder_1
cr_special_roc_outpost_1	derpy_mr_store_blackpowder_stocked	region_to_region_own	4.0000	2.0000	0.0000	derpy_mr_blackpowder_1
cr_special_roc_outpost_2	derpy_mr_store_blackpowder_stocked	region_to_region_own	6.0000	3.0000	0.0000	derpy_mr_blackpowder_1
cr_special_settlement_mordheim_1_wef	derpy_mr_store_ithilmar_stocked	region_to_region_own	2.0000	1.0000	0.0000	derpy_mr_ithilmar_1
cr_special_roc_outpost_1	derpy_mr_store_ithilmar_stocked	region_to_region_own	2.0000	1.0000	0.0000	derpy_mr_ithilmar_1
cr_special_roc_outpost_2	derpy_mr_store_ithilmar_stocked	region_to_region_own	3.0000	2.0000	0.0000	derpy_mr_ithilmar_1
cr_special_settlement_mordheim_1_wef	derpy_mr_store_dragon_bone_stocked	region_to_region_own	2.0000	1.0000	0.0000	derpy_mr_dragon_bone_0
cr_special_roc_outpost_1	derpy_mr_store_dragon_bone_stocked	region_to_region_own	2.0000	1.0000	0.0000	derpy_mr_dragon_bone_0
cr_special_roc_outpost_2	derpy_mr_store_dragon_bone_stocked	region_to_region_own	3.0000	2.0000	0.0000	derpy_mr_dragon_bone_0
cr_special_kraka_ravnvake_port_1	derpy_mr_store_pearls_stocked	region_to_region_own	6.0000	3.0000	0.0000	derpy_mr_pearls_0
cr_special_kraka_ravnvake_port_2	derpy_mr_store_pearls_stocked	region_to_region_own	8.0000	4.0000	0.0000	derpy_mr_pearls_0
cr_special_kraka_ravnvake_port_3	derpy_mr_store_pearls_stocked	region_to_region_own	12.0000	6.0000	0.0000	derpy_mr_pearls_0
cr_special_kraka_ravnvake_port_wef_1	derpy_mr_store_pearls_stocked	region_to_region_own	6.0000	3.0000	0.0000	derpy_mr_pearls_0
cr_special_settlement_mordheim_1_wef	derpy_mr_store_wyvern_scales_stocked	region_to_region_own	2.0000	1.0000	0.0000	derpy_mr_wyvern_scales_0
cr_special_roc_outpost_1	derpy_mr_store_wyvern_scales_stocked	region_to_region_own	2.0000	1.0000	0.0000	derpy_mr_wyvern_scales_0
cr_special_roc_outpost_2	derpy_mr_store_wyvern_scales_stocked	region_to_region_own	3.0000	2.0000	0.0000	derpy_mr_wyvern_scales_0
cr_special_kraka_ravnvake_port_1	derpy_mr_store_salt_stocked	region_to_region_own	6.0000	3.0000	0.0000	derpy_mr_salt_0
cr_special_kraka_ravnvake_port_2	derpy_mr_store_salt_stocked	region_to_region_own	8.0000	4.0000	0.0000	derpy_mr_salt_0
cr_special_kraka_ravnvake_port_3	derpy_mr_store_salt_stocked	region_to_region_own	12.0000	6.0000	0.0000	derpy_mr_salt_0
cr_special_kraka_ravnvake_port_wef_1	derpy_mr_store_salt_stocked	region_to_region_own	6.0000	3.0000	0.0000	derpy_mr_salt_0
cr_special_the_silver_tower_1	derpy_mr_store_iron_stocked	region_to_region_own	20.0000	10.0000	0.0000	
cr_special_morzunds_wall_1	derpy_mr_store_marble_stocked	region_to_region_own	20.0000	10.0000	0.0000	
cr_special_east_horn_1	derpy_mr_store_obsidian_stocked	region_to_region_own	20.0000	10.0000	0.0000	
cr_special_roc_outpost_2	derpy_mr_store_capacity	region_to_region_own	200.0000	200.0000	0.0000	
