building_chain	building_level	building_set	exclude
#building_set_to_building_junctions_tables;0;db/building_set_to_building_junctions_tables/derpy_more_resources
derpy_mr_bld_gromril		wh2_main_set_resource	false
derpy_mr_bld_ithilmar		wh2_main_set_resource	false
derpy_mr_bld_dragon_bone_brt		wh2_main_set_resource	false
derpy_mr_bld_dragon_bone_chd		wh2_main_set_resource	false
derpy_mr_bld_dragon_bone_chs		wh2_main_set_resource	false
derpy_mr_bld_dragon_bone_cst		wh2_main_set_resource	false
derpy_mr_bld_dragon_bone_cth		wh2_main_set_resource	false
derpy_mr_bld_dragon_bone_def		wh2_main_set_resource	false
derpy_mr_bld_dragon_bone_dwf		wh2_main_set_resource	false
derpy_mr_bld_dragon_bone_emp		wh2_main_set_resource	false
derpy_mr_bld_dragon_bone_grn		wh2_main_set_resource	false
derpy_mr_bld_dragon_bone_hef		wh2_main_set_resource	false
derpy_mr_bld_dragon_bone_ksl		wh2_main_set_resource	false
derpy_mr_bld_dragon_bone_lzd		wh2_main_set_resource	false
derpy_mr_bld_dragon_bone_nor		wh2_main_set_resource	false
derpy_mr_bld_dragon_bone_ogr		wh2_main_set_resource	false
derpy_mr_bld_dragon_bone_skv		wh2_main_set_resource	false
derpy_mr_bld_dragon_bone_vmp		wh2_main_set_resource	false
derpy_mr_bld_dragon_bone_wef		wh2_main_set_resource	false
derpy_mr_bld_sea_dragon_hide		wh2_main_set_resource	false
derpy_mr_bld_black_lotus_def		wh2_main_set_resource	false
derpy_mr_bld_black_lotus_skv		wh2_main_set_resource	false
derpy_mr_bld_starwood		wh2_main_set_resource	false
derpy_mr_bld_feathers_brt		wh2_main_set_resource	false
derpy_mr_bld_feathers_emp		wh2_main_set_resource	false
derpy_mr_bld_wyvern_scales_grn		wh2_main_set_resource	false
derpy_mr_bld_wyvern_scales_ogr		wh2_main_set_resource	false
