key	num_instances
#building_instances_tables;0;db/building_instances_tables/derpy_more_resources
derpy_mr_bld_gromril	1
derpy_mr_bld_ithilmar	1
derpy_mr_bld_dragon_bone_brt	1
derpy_mr_bld_dragon_bone_chd	1
derpy_mr_bld_dragon_bone_chs	1
derpy_mr_bld_dragon_bone_cst	1
derpy_mr_bld_dragon_bone_cth	1
derpy_mr_bld_dragon_bone_def	1
derpy_mr_bld_dragon_bone_dwf	1
derpy_mr_bld_dragon_bone_emp	1
derpy_mr_bld_dragon_bone_grn	1
derpy_mr_bld_dragon_bone_hef	1
derpy_mr_bld_dragon_bone_ksl	1
derpy_mr_bld_dragon_bone_lzd	1
derpy_mr_bld_dragon_bone_nor	1
derpy_mr_bld_dragon_bone_ogr	1
derpy_mr_bld_dragon_bone_skv	1
derpy_mr_bld_dragon_bone_vmp	1
derpy_mr_bld_dragon_bone_wef	1
derpy_mr_bld_sea_dragon_hide	1
derpy_mr_bld_black_lotus_def	1
derpy_mr_bld_black_lotus_skv	1
derpy_mr_bld_starwood	1
derpy_mr_bld_feathers_brt	1
derpy_mr_bld_feathers_emp	1
derpy_mr_bld_wyvern_scales_grn	1
derpy_mr_bld_wyvern_scales_ogr	1
