from	to
#building_upgrades_junction_tables;0;db/building_upgrades_junction_tables/derpy_more_resources
derpy_mr_bld_gromril_1	derpy_mr_bld_gromril_2
derpy_mr_bld_gromril_2	derpy_mr_bld_gromril_3
derpy_mr_bld_ithilmar_1	derpy_mr_bld_ithilmar_2
derpy_mr_bld_ithilmar_2	derpy_mr_bld_ithilmar_3
derpy_mr_bld_dragon_bone_brt_1	derpy_mr_bld_dragon_bone_brt_2
derpy_mr_bld_dragon_bone_brt_2	derpy_mr_bld_dragon_bone_brt_3
derpy_mr_bld_dragon_bone_chd_1	derpy_mr_bld_dragon_bone_chd_2
derpy_mr_bld_dragon_bone_chd_2	derpy_mr_bld_dragon_bone_chd_3
derpy_mr_bld_dragon_bone_chs_1	derpy_mr_bld_dragon_bone_chs_2
derpy_mr_bld_dragon_bone_chs_2	derpy_mr_bld_dragon_bone_chs_3
derpy_mr_bld_dragon_bone_cst_1	derpy_mr_bld_dragon_bone_cst_2
derpy_mr_bld_dragon_bone_cst_2	derpy_mr_bld_dragon_bone_cst_3
derpy_mr_bld_dragon_bone_cth_1	derpy_mr_bld_dragon_bone_cth_2
derpy_mr_bld_dragon_bone_cth_2	derpy_mr_bld_dragon_bone_cth_3
derpy_mr_bld_dragon_bone_def_1	derpy_mr_bld_dragon_bone_def_2
derpy_mr_bld_dragon_bone_def_2	derpy_mr_bld_dragon_bone_def_3
derpy_mr_bld_dragon_bone_dwf_1	derpy_mr_bld_dragon_bone_dwf_2
derpy_mr_bld_dragon_bone_dwf_2	derpy_mr_bld_dragon_bone_dwf_3
derpy_mr_bld_dragon_bone_emp_1	derpy_mr_bld_dragon_bone_emp_2
derpy_mr_bld_dragon_bone_emp_2	derpy_mr_bld_dragon_bone_emp_3
derpy_mr_bld_dragon_bone_grn_1	derpy_mr_bld_dragon_bone_grn_2
derpy_mr_bld_dragon_bone_grn_2	derpy_mr_bld_dragon_bone_grn_3
derpy_mr_bld_dragon_bone_hef_1	derpy_mr_bld_dragon_bone_hef_2
derpy_mr_bld_dragon_bone_hef_2	derpy_mr_bld_dragon_bone_hef_3
derpy_mr_bld_dragon_bone_ksl_1	derpy_mr_bld_dragon_bone_ksl_2
derpy_mr_bld_dragon_bone_ksl_2	derpy_mr_bld_dragon_bone_ksl_3
derpy_mr_bld_dragon_bone_lzd_1	derpy_mr_bld_dragon_bone_lzd_2
derpy_mr_bld_dragon_bone_lzd_2	derpy_mr_bld_dragon_bone_lzd_3
derpy_mr_bld_dragon_bone_nor_1	derpy_mr_bld_dragon_bone_nor_2
derpy_mr_bld_dragon_bone_nor_2	derpy_mr_bld_dragon_bone_nor_3
derpy_mr_bld_dragon_bone_ogr_1	derpy_mr_bld_dragon_bone_ogr_2
derpy_mr_bld_dragon_bone_ogr_2	derpy_mr_bld_dragon_bone_ogr_3
derpy_mr_bld_dragon_bone_skv_1	derpy_mr_bld_dragon_bone_skv_2
derpy_mr_bld_dragon_bone_skv_2	derpy_mr_bld_dragon_bone_skv_3
derpy_mr_bld_dragon_bone_vmp_1	derpy_mr_bld_dragon_bone_vmp_2
derpy_mr_bld_dragon_bone_vmp_2	derpy_mr_bld_dragon_bone_vmp_3
derpy_mr_bld_dragon_bone_wef_1	derpy_mr_bld_dragon_bone_wef_2
derpy_mr_bld_dragon_bone_wef_2	derpy_mr_bld_dragon_bone_wef_3
derpy_mr_bld_sea_dragon_hide_1	derpy_mr_bld_sea_dragon_hide_2
derpy_mr_bld_sea_dragon_hide_2	derpy_mr_bld_sea_dragon_hide_3
derpy_mr_bld_black_lotus_def_1	derpy_mr_bld_black_lotus_def_2
derpy_mr_bld_black_lotus_def_2	derpy_mr_bld_black_lotus_def_3
derpy_mr_bld_black_lotus_skv_1	derpy_mr_bld_black_lotus_skv_2
derpy_mr_bld_black_lotus_skv_2	derpy_mr_bld_black_lotus_skv_3
derpy_mr_bld_starwood_1	derpy_mr_bld_starwood_2
derpy_mr_bld_starwood_2	derpy_mr_bld_starwood_3
derpy_mr_bld_feathers_brt_1	derpy_mr_bld_feathers_brt_2
derpy_mr_bld_feathers_brt_2	derpy_mr_bld_feathers_brt_3
derpy_mr_bld_feathers_emp_1	derpy_mr_bld_feathers_emp_2
derpy_mr_bld_feathers_emp_2	derpy_mr_bld_feathers_emp_3
derpy_mr_bld_wyvern_scales_grn_1	derpy_mr_bld_wyvern_scales_grn_2
derpy_mr_bld_wyvern_scales_grn_2	derpy_mr_bld_wyvern_scales_grn_3
derpy_mr_bld_wyvern_scales_ogr_1	derpy_mr_bld_wyvern_scales_ogr_2
derpy_mr_bld_wyvern_scales_ogr_2	derpy_mr_bld_wyvern_scales_ogr_3
