expression	key	display_only_active_effects	always_show_display_text
#building_effect_context_expressions_tables;2;db/building_effect_context_expressions_tables/derpy_more_resources_oldworld
((Region.BelongsToRegionGroup("cai_region_hint_area_kislev") || Region.BelongsToRegionGroup("cai_chaos_region_hint_area_kislev") || Region.BelongsToRegionGroup("cai_region_hint_area_norsca") || Region.BelongsToRegionGroup("cai_chaos_region_hint_area_norsca"))) && Owner.IsEffectBundleActive("derpy_mr_hold_amber") == true	derpy_mr_hold_amber__derpy_mr_amber_0	true	false
(Region.RecordKeyIsOneOf("cr_oldworld_region_nuln","wh3_main_chaos_region_nuln","wh3_main_combi_region_nuln")) && Owner.IsEffectBundleActive("derpy_mr_hold_blackpowder") == true	derpy_mr_hold_blackpowder__derpy_mr_blackpowder_1	true	false
(Region.RecordKeyIsOneOf("cr_oldworld_region_altdorf","cr_oldworld_region_marienburg","cr_oldworld_region_middenheim","cr_oldworld_region_nuln","cr_oldworld_region_talabheim","wh3_main_chaos_region_altdorf","wh3_main_chaos_region_marienburg","wh3_main_chaos_region_middenheim","wh3_main_chaos_region_nuln","wh3_main_chaos_region_talabheim","wh3_main_combi_region_altdorf","wh3_main_combi_region_marienburg","wh3_main_combi_region_middenheim","wh3_main_combi_region_nuln","wh3_main_combi_region_talabheim","wh3_main_combi_region_white_tower_of_hoeth")) && Owner.IsEffectBundleActive("derpy_mr_hold_books") == true	derpy_mr_hold_books__derpy_mr_books_0	true	false
Owner.IsEffectBundleActive("derpy_mr_hold_iron") == true	derpy_mr_hold_iron	true	false
Owner.IsEffectBundleActive("derpy_mr_hold_marble") == true	derpy_mr_hold_marble	true	false
Owner.IsEffectBundleActive("derpy_mr_hold_obsidian") == true	derpy_mr_hold_obsidian	true	false
((Region.IsEffectBundleActive("wh3_dlc20_climate_suitable_jungle") || Region.IsEffectBundleActive("wh3_dlc20_climate_unsuitable_jungle") || Region.IsEffectBundleActive("wh3_dlc20_climate_uninhabitable_jungle") || Region.IsEffectBundleActive("wh3_dlc20_climate_suitable_island") || Region.IsEffectBundleActive("wh3_dlc20_climate_unsuitable_island") || Region.IsEffectBundleActive("wh3_dlc20_climate_uninhabitable_island") || Region.IsEffectBundleActive("wh3_dlc20_climate_suitable_savannah") || Region.IsEffectBundleActive("wh3_dlc20_climate_unsuitable_savannah") || Region.IsEffectBundleActive("wh3_dlc20_climate_uninhabitable_savannah") || Region.IsEffectBundleActive("wh3_dlc20_climate_suitable_desert") || Region.IsEffectBundleActive("wh3_dlc20_climate_unsuitable_desert") || Region.IsEffectBundleActive("wh3_dlc20_climate_uninhabitable_desert"))) && Owner.IsEffectBundleActive("derpy_mr_hold_pearls") == true	derpy_mr_hold_pearls__derpy_mr_pearls_0	true	false
((Region.IsOriginatingSubcultureOneOf("wh2_dlc11_sc_cst_vampire_coast") || Region.RecordKeyIsOneOf("cr_oldworld_region_sartosa","wh3_main_combi_region_sartosa") || ((Region.IsEffectBundleActive("wh3_dlc20_climate_suitable_jungle") || Region.IsEffectBundleActive("wh3_dlc20_climate_unsuitable_jungle") || Region.IsEffectBundleActive("wh3_dlc20_climate_uninhabitable_jungle") || Region.IsEffectBundleActive("wh3_dlc20_climate_suitable_island") || Region.IsEffectBundleActive("wh3_dlc20_climate_unsuitable_island") || Region.IsEffectBundleActive("wh3_dlc20_climate_uninhabitable_island")) && (Region.BelongsToRegionGroup("cai_region_hint_sub_area_mangrove_coast") || Region.BelongsToRegionGroup("cai_region_hint_area_southlands") || Region.BelongsToRegionGroup("cai_region_hint_area_lustria") || Region.BelongsToRegionGroup("cai_region_hint_sub_area_eastern_lustria") || Region.BelongsToRegionGroup("cai_region_hint_sub_area_western_lustria") || Region.BelongsToRegionGroup("cai_region_hint_sub_area_isthmus_of_lustria"))))) && Owner.IsEffectBundleActive("derpy_mr_hold_rum") == true	derpy_mr_hold_rum__derpy_mr_rum_0	true	false
((Region.IsEffectBundleActive("wh3_dlc20_climate_suitable_temperate") || Region.IsEffectBundleActive("wh3_dlc20_climate_unsuitable_temperate") || Region.IsEffectBundleActive("wh3_dlc20_climate_uninhabitable_temperate") || Region.IsEffectBundleActive("wh3_dlc20_climate_suitable_savannah") || Region.IsEffectBundleActive("wh3_dlc20_climate_unsuitable_savannah") || Region.IsEffectBundleActive("wh3_dlc20_climate_uninhabitable_savannah") || Region.IsEffectBundleActive("wh3_dlc20_climate_suitable_desert") || Region.IsEffectBundleActive("wh3_dlc20_climate_unsuitable_desert") || Region.IsEffectBundleActive("wh3_dlc20_climate_uninhabitable_desert") || Region.IsEffectBundleActive("wh3_dlc20_climate_suitable_island") || Region.IsEffectBundleActive("wh3_dlc20_climate_unsuitable_island") || Region.IsEffectBundleActive("wh3_dlc20_climate_uninhabitable_island"))) && Owner.IsEffectBundleActive("derpy_mr_hold_salt") == true	derpy_mr_hold_salt__derpy_mr_salt_0	true	false
(!(Region.IsEffectBundleActive("wh3_dlc20_climate_suitable_chaotic") || Region.IsEffectBundleActive("wh3_dlc20_climate_unsuitable_chaotic") || Region.IsEffectBundleActive("wh3_dlc20_climate_uninhabitable_chaotic"))) && Owner.IsEffectBundleActive("derpy_mr_hold_salted_fish") == true	derpy_mr_hold_salted_fish__derpy_mr_salted_fish_0	true	false
(((Region.IsEffectBundleActive("wh3_dlc20_climate_suitable_frozen") || Region.IsEffectBundleActive("wh3_dlc20_climate_unsuitable_frozen") || Region.IsEffectBundleActive("wh3_dlc20_climate_uninhabitable_frozen")) || (Region.BelongsToRegionGroup("cai_region_hint_area_norsca") || Region.BelongsToRegionGroup("cai_chaos_region_hint_area_norsca")))) && Owner.IsEffectBundleActive("derpy_mr_hold_whale_oil") == true	derpy_mr_hold_whale_oil__derpy_mr_whale_oil_0	true	false
