chain	remove	set	super_chain
#building_chain_set_items_tables;0;db/building_chain_set_items_tables/derpy_more_resources
derpy_mr_bld_gromril	false	wh3_main_secondary_core_generic_minor	
derpy_mr_bld_ithilmar	false	wh3_main_secondary_core_generic_minor	
derpy_mr_bld_dragon_bone_brt	false	wh3_main_secondary_core_generic_minor	
derpy_mr_bld_dragon_bone_chd	false	wh3_main_secondary_core_generic_minor	
derpy_mr_bld_dragon_bone_chs	false	wh3_main_secondary_core_generic_minor	
derpy_mr_bld_dragon_bone_cst	false	wh3_main_secondary_core_generic_minor	
derpy_mr_bld_dragon_bone_cth	false	wh3_main_secondary_core_generic_minor	
derpy_mr_bld_dragon_bone_def	false	wh3_main_secondary_core_generic_minor	
derpy_mr_bld_dragon_bone_dwf	false	wh3_main_secondary_core_generic_minor	
derpy_mr_bld_dragon_bone_emp	false	wh3_main_secondary_core_generic_minor	
derpy_mr_bld_dragon_bone_grn	false	wh3_main_secondary_core_generic_minor	
derpy_mr_bld_dragon_bone_hef	false	wh3_main_secondary_core_generic_minor	
derpy_mr_bld_dragon_bone_ksl	false	wh3_main_secondary_core_generic_minor	
derpy_mr_bld_dragon_bone_lzd	false	wh3_main_secondary_core_generic_minor	
derpy_mr_bld_dragon_bone_nor	false	wh3_main_secondary_core_generic_minor	
derpy_mr_bld_dragon_bone_ogr	false	wh3_main_secondary_core_generic_minor	
derpy_mr_bld_dragon_bone_skv	false	wh3_main_secondary_core_generic_minor	
derpy_mr_bld_dragon_bone_vmp	false	wh3_main_secondary_core_generic_minor	
derpy_mr_bld_dragon_bone_wef	false	wh3_main_secondary_core_generic_minor	
derpy_mr_bld_dragon_bone_wef	false	wh3_main_secondary_core_generic_major_variant_wef_forest	
derpy_mr_bld_sea_dragon_hide	false	wh3_main_secondary_core_generic_minor	
derpy_mr_bld_black_lotus_def	false	wh3_main_secondary_core_generic_minor	
derpy_mr_bld_black_lotus_skv	false	wh3_main_secondary_core_generic_minor	
derpy_mr_bld_starwood	false	wh3_main_secondary_core_generic_minor	
derpy_mr_bld_starwood	false	wh3_main_secondary_core_generic_major_variant_wef_forest	
derpy_mr_bld_feathers_brt	false	wh3_main_secondary_core_generic_minor	
derpy_mr_bld_feathers_emp	false	wh3_main_secondary_core_generic_minor	
derpy_mr_bld_wyvern_scales_grn	false	wh3_main_secondary_core_generic_minor	
derpy_mr_bld_wyvern_scales_ogr	false	wh3_main_secondary_core_generic_minor	
