campaign_group	resource	initial_amount
#campaign_group_pooled_resources_tables;1;db/campaign_group_pooled_resources_tables/derpy_more_resources
wh_main_feature_all	derpy_mr_store_salted_fish	0
wh_main_feature_all	derpy_mr_store_whale_oil	0
wh_main_feature_all	derpy_mr_store_sea_dragon_hide	0
wh_main_feature_all	derpy_mr_store_rum	0
wh_main_feature_all	derpy_mr_store_amber	0
wh_main_feature_all	derpy_mr_store_grain	0
wh_main_feature_all	derpy_mr_store_warhorses	0
wh_main_feature_all	derpy_mr_store_pipeweed	0
wh_main_feature_all	derpy_mr_store_books	0
wh_main_feature_all	derpy_mr_store_olive_oil	0
wh_main_feature_all	derpy_mr_store_silk	0
wh_main_feature_all	derpy_mr_store_tea	0
wh_main_feature_all	derpy_mr_store_jade	0
wh_main_feature_all	derpy_mr_store_coal	0
wh_main_feature_all	derpy_mr_store_silver	0
wh_main_feature_all	derpy_mr_store_gromril	0
wh_main_feature_all	derpy_mr_store_quicksilver	0
wh_main_feature_all	derpy_mr_store_brimstone	0
wh_main_feature_all	derpy_mr_store_brass	0
wh_main_feature_all	derpy_mr_store_blackpowder	0
wh_main_feature_all	derpy_mr_store_ithilmar	0
wh_main_feature_all	derpy_mr_store_dragon_bone	0
wh_main_feature_all	derpy_mr_store_lustrian_plumes	0
wh_main_feature_all	derpy_mr_store_black_lotus	0
wh_main_feature_all	derpy_mr_store_incense	0
wh_main_feature_all	derpy_mr_store_salted_meat	0
wh_main_feature_all	derpy_mr_store_carpets	0
wh_main_feature_all	derpy_mr_store_kvas	0
wh_main_feature_all	derpy_mr_store_rhinox_hides	0
wh_main_feature_all	derpy_mr_store_mead	0
wh_main_feature_all	derpy_mr_store_glassware	0
wh_main_feature_all	derpy_mr_store_wool	0
wh_main_feature_all	derpy_mr_store_porcelain	0
wh_main_feature_all	derpy_mr_store_pearls	0
wh_main_feature_all	derpy_mr_store_starwood	0
wh_main_feature_all	derpy_mr_store_feathers	0
wh_main_feature_all	derpy_mr_store_wyvern_scales	0
wh_main_feature_all	derpy_mr_store_animals	0
wh_main_feature_all	derpy_mr_store_dyes	0
wh_main_feature_all	derpy_mr_store_gems	0
wh_main_feature_all	derpy_mr_store_gold_idols	0
wh_main_feature_all	derpy_mr_store_tusks	0
wh_main_feature_all	derpy_mr_store_medicine	0
wh_main_feature_all	derpy_mr_store_obsidian	0
wh_main_feature_all	derpy_mr_store_furs	0
wh_main_feature_all	derpy_mr_store_beer	0
wh_main_feature_all	derpy_mr_store_iron	0
wh_main_feature_all	derpy_mr_store_salt	0
wh_main_feature_all	derpy_mr_store_marble	0
wh_main_feature_all	derpy_mr_store_pottery	0
wh_main_feature_all	derpy_mr_store_timber	0
wh_main_feature_all	derpy_mr_store_wine	0
wh_main_feature_all	derpy_mr_store_spices	0
wh_main_feature_all	derpy_mr_store_trinkets	0
