bonus_value_id	effect	pooled_resource
#effect_bonus_value_pooled_resource_junctions_tables;0;db/effect_bonus_value_pooled_resource_junctions_tables/derpy_more_resources
maximum_mod	derpy_mr_store_capacity	derpy_mr_store_salted_fish
maximum_mod	derpy_mr_store_capacity	derpy_mr_store_whale_oil
maximum_mod	derpy_mr_store_capacity	derpy_mr_store_sea_dragon_hide
maximum_mod	derpy_mr_store_capacity	derpy_mr_store_rum
maximum_mod	derpy_mr_store_capacity	derpy_mr_store_amber
maximum_mod	derpy_mr_store_capacity	derpy_mr_store_grain
maximum_mod	derpy_mr_store_capacity	derpy_mr_store_warhorses
maximum_mod	derpy_mr_store_capacity	derpy_mr_store_pipeweed
maximum_mod	derpy_mr_store_capacity	derpy_mr_store_books
maximum_mod	derpy_mr_store_capacity	derpy_mr_store_olive_oil
maximum_mod	derpy_mr_store_capacity	derpy_mr_store_silk
maximum_mod	derpy_mr_store_capacity	derpy_mr_store_tea
maximum_mod	derpy_mr_store_capacity	derpy_mr_store_jade
maximum_mod	derpy_mr_store_capacity	derpy_mr_store_coal
maximum_mod	derpy_mr_store_capacity	derpy_mr_store_silver
maximum_mod	derpy_mr_store_capacity	derpy_mr_store_gromril
maximum_mod	derpy_mr_store_capacity	derpy_mr_store_quicksilver
maximum_mod	derpy_mr_store_capacity	derpy_mr_store_brimstone
maximum_mod	derpy_mr_store_capacity	derpy_mr_store_brass
maximum_mod	derpy_mr_store_capacity	derpy_mr_store_blackpowder
maximum_mod	derpy_mr_store_capacity	derpy_mr_store_ithilmar
maximum_mod	derpy_mr_store_capacity	derpy_mr_store_dragon_bone
maximum_mod	derpy_mr_store_capacity	derpy_mr_store_lustrian_plumes
maximum_mod	derpy_mr_store_capacity	derpy_mr_store_black_lotus
maximum_mod	derpy_mr_store_capacity	derpy_mr_store_incense
maximum_mod	derpy_mr_store_capacity	derpy_mr_store_salted_meat
maximum_mod	derpy_mr_store_capacity	derpy_mr_store_carpets
maximum_mod	derpy_mr_store_capacity	derpy_mr_store_kvas
maximum_mod	derpy_mr_store_capacity	derpy_mr_store_rhinox_hides
maximum_mod	derpy_mr_store_capacity	derpy_mr_store_mead
maximum_mod	derpy_mr_store_capacity	derpy_mr_store_glassware
maximum_mod	derpy_mr_store_capacity	derpy_mr_store_wool
maximum_mod	derpy_mr_store_capacity	derpy_mr_store_porcelain
maximum_mod	derpy_mr_store_capacity	derpy_mr_store_pearls
maximum_mod	derpy_mr_store_capacity	derpy_mr_store_starwood
maximum_mod	derpy_mr_store_capacity	derpy_mr_store_feathers
maximum_mod	derpy_mr_store_capacity	derpy_mr_store_wyvern_scales
maximum_mod	derpy_mr_store_capacity	derpy_mr_store_animals
maximum_mod	derpy_mr_store_capacity	derpy_mr_store_dyes
maximum_mod	derpy_mr_store_capacity	derpy_mr_store_gems
maximum_mod	derpy_mr_store_capacity	derpy_mr_store_gold_idols
maximum_mod	derpy_mr_store_capacity	derpy_mr_store_tusks
maximum_mod	derpy_mr_store_capacity	derpy_mr_store_medicine
maximum_mod	derpy_mr_store_capacity	derpy_mr_store_obsidian
maximum_mod	derpy_mr_store_capacity	derpy_mr_store_furs
maximum_mod	derpy_mr_store_capacity	derpy_mr_store_beer
maximum_mod	derpy_mr_store_capacity	derpy_mr_store_iron
maximum_mod	derpy_mr_store_capacity	derpy_mr_store_salt
maximum_mod	derpy_mr_store_capacity	derpy_mr_store_marble
maximum_mod	derpy_mr_store_capacity	derpy_mr_store_pottery
maximum_mod	derpy_mr_store_capacity	derpy_mr_store_timber
maximum_mod	derpy_mr_store_capacity	derpy_mr_store_wine
maximum_mod	derpy_mr_store_capacity	derpy_mr_store_spices
maximum_mod	derpy_mr_store_capacity	derpy_mr_store_trinkets
