bonus_value_id	effect	resource_factor
#effect_bonus_value_pooled_resource_factor_junctions_tables;0;db/effect_bonus_value_pooled_resource_factor_junctions_tables/derpy_more_resources
base_amount	derpy_mr_store_salted_fish_stocked	derpy_mr_store_salted_fish_stocked
base_amount	derpy_mr_store_whale_oil_stocked	derpy_mr_store_whale_oil_stocked
base_amount	derpy_mr_store_sea_dragon_hide_stocked	derpy_mr_store_sea_dragon_hide_stocked
base_amount	derpy_mr_store_rum_stocked	derpy_mr_store_rum_stocked
base_amount	derpy_mr_store_amber_stocked	derpy_mr_store_amber_stocked
base_amount	derpy_mr_store_grain_stocked	derpy_mr_store_grain_stocked
base_amount	derpy_mr_store_warhorses_stocked	derpy_mr_store_warhorses_stocked
base_amount	derpy_mr_store_pipeweed_stocked	derpy_mr_store_pipeweed_stocked
base_amount	derpy_mr_store_books_stocked	derpy_mr_store_books_stocked
base_amount	derpy_mr_store_olive_oil_stocked	derpy_mr_store_olive_oil_stocked
base_amount	derpy_mr_store_silk_stocked	derpy_mr_store_silk_stocked
base_amount	derpy_mr_store_tea_stocked	derpy_mr_store_tea_stocked
base_amount	derpy_mr_store_jade_stocked	derpy_mr_store_jade_stocked
base_amount	derpy_mr_store_coal_stocked	derpy_mr_store_coal_stocked
base_amount	derpy_mr_store_silver_stocked	derpy_mr_store_silver_stocked
base_amount	derpy_mr_store_gromril_stocked	derpy_mr_store_gromril_stocked
base_amount	derpy_mr_store_quicksilver_stocked	derpy_mr_store_quicksilver_stocked
base_amount	derpy_mr_store_brimstone_stocked	derpy_mr_store_brimstone_stocked
base_amount	derpy_mr_store_brass_stocked	derpy_mr_store_brass_stocked
base_amount	derpy_mr_store_blackpowder_stocked	derpy_mr_store_blackpowder_stocked
base_amount	derpy_mr_store_ithilmar_stocked	derpy_mr_store_ithilmar_stocked
base_amount	derpy_mr_store_dragon_bone_stocked	derpy_mr_store_dragon_bone_stocked
base_amount	derpy_mr_store_lustrian_plumes_stocked	derpy_mr_store_lustrian_plumes_stocked
base_amount	derpy_mr_store_black_lotus_stocked	derpy_mr_store_black_lotus_stocked
base_amount	derpy_mr_store_incense_stocked	derpy_mr_store_incense_stocked
base_amount	derpy_mr_store_salted_meat_stocked	derpy_mr_store_salted_meat_stocked
base_amount	derpy_mr_store_carpets_stocked	derpy_mr_store_carpets_stocked
base_amount	derpy_mr_store_kvas_stocked	derpy_mr_store_kvas_stocked
base_amount	derpy_mr_store_rhinox_hides_stocked	derpy_mr_store_rhinox_hides_stocked
base_amount	derpy_mr_store_mead_stocked	derpy_mr_store_mead_stocked
base_amount	derpy_mr_store_glassware_stocked	derpy_mr_store_glassware_stocked
base_amount	derpy_mr_store_wool_stocked	derpy_mr_store_wool_stocked
base_amount	derpy_mr_store_porcelain_stocked	derpy_mr_store_porcelain_stocked
base_amount	derpy_mr_store_pearls_stocked	derpy_mr_store_pearls_stocked
base_amount	derpy_mr_store_starwood_stocked	derpy_mr_store_starwood_stocked
base_amount	derpy_mr_store_feathers_stocked	derpy_mr_store_feathers_stocked
base_amount	derpy_mr_store_wyvern_scales_stocked	derpy_mr_store_wyvern_scales_stocked
base_amount	derpy_mr_store_animals_stocked	derpy_mr_store_animals_stocked
base_amount	derpy_mr_store_dyes_stocked	derpy_mr_store_dyes_stocked
base_amount	derpy_mr_store_gems_stocked	derpy_mr_store_gems_stocked
base_amount	derpy_mr_store_gold_idols_stocked	derpy_mr_store_gold_idols_stocked
base_amount	derpy_mr_store_tusks_stocked	derpy_mr_store_tusks_stocked
base_amount	derpy_mr_store_medicine_stocked	derpy_mr_store_medicine_stocked
base_amount	derpy_mr_store_obsidian_stocked	derpy_mr_store_obsidian_stocked
base_amount	derpy_mr_store_furs_stocked	derpy_mr_store_furs_stocked
base_amount	derpy_mr_store_beer_stocked	derpy_mr_store_beer_stocked
base_amount	derpy_mr_store_iron_stocked	derpy_mr_store_iron_stocked
base_amount	derpy_mr_store_salt_stocked	derpy_mr_store_salt_stocked
base_amount	derpy_mr_store_marble_stocked	derpy_mr_store_marble_stocked
base_amount	derpy_mr_store_pottery_stocked	derpy_mr_store_pottery_stocked
base_amount	derpy_mr_store_timber_stocked	derpy_mr_store_timber_stocked
base_amount	derpy_mr_store_wine_stocked	derpy_mr_store_wine_stocked
base_amount	derpy_mr_store_spices_stocked	derpy_mr_store_spices_stocked
base_amount	derpy_mr_store_trinkets_stocked	derpy_mr_store_trinkets_stocked
