bonus_value_id	effect	unit_set
#effect_bonus_value_ids_unit_sets_tables;0;db/effect_bonus_value_ids_unit_sets_tables/derpy_more_resources
cost_mod	derpy_mr_effect_cost_chd_lammasu_taurus	wh3_dlc23_chd_lammasu
cost_mod	derpy_mr_effect_cost_chd_lammasu_taurus	wh3_dlc23_chd_great_taurus
cost_mod	derpy_mr_effect_cost_chd_lammasu_taurus	wh3_dlc23_chd_bale_taurus
cost_mod	derpy_mr_effect_cost_hef_dragons_dragon_princes	hef_dragons
cost_mod	derpy_mr_effect_cost_hef_dragons_dragon_princes	hef_dragonprince
unit_xp_mod	derpy_mr_effect_rank_chd_lammasu_taurus	wh3_dlc23_chd_lammasu
unit_xp_mod	derpy_mr_effect_rank_chd_lammasu_taurus	wh3_dlc23_chd_great_taurus
unit_xp_mod	derpy_mr_effect_rank_chd_lammasu_taurus	wh3_dlc23_chd_bale_taurus
unit_xp_mod	derpy_mr_effect_rank_hef_dragons_dragon_princes	hef_dragons
unit_xp_mod	derpy_mr_effect_rank_hef_dragons_dragon_princes	hef_dragonprince
upkeep_mod	derpy_mr_effect_upkeep_wef_gladeguard_gladeriders	wef_dlc05_glade_guard
upkeep_mod	derpy_mr_effect_upkeep_wef_gladeguard_gladeriders	wef_dlc05_glade_riders
