chance_to_replenish	key	max_count	unit_record	use_partial_replenishment	max_replenish_per_turn	ui_order
#mercenary_unit_groups_tables;3;db/mercenary_unit_groups_tables/derpy_more_resources
0.0000	derpy_mr_merc_wh_main_dwf_inf_ironbreakers	2	wh_main_dwf_inf_ironbreakers	false	0.0000	0
0.0000	derpy_mr_merc_wh_main_dwf_inf_hammerers	2	wh_main_dwf_inf_hammerers	false	0.0000	0
0.0000	derpy_mr_merc_wh2_main_hef_inf_swordmasters_of_hoeth_0	2	wh2_main_hef_inf_swordmasters_of_hoeth_0	false	0.0000	0
0.0000	derpy_mr_merc_wh2_main_hef_inf_phoenix_guard	2	wh2_main_hef_inf_phoenix_guard	false	0.0000	0
0.0000	derpy_mr_merc_wh2_main_hef_cav_dragon_princes	2	wh2_main_hef_cav_dragon_princes	false	0.0000	0
0.0000	derpy_mr_merc_wh3_dlc23_chd_mon_lammasu	2	wh3_dlc23_chd_mon_lammasu	false	0.0000	0
0.0000	derpy_mr_merc_wh3_dlc23_chd_mon_bale_taurus	2	wh3_dlc23_chd_mon_bale_taurus	false	0.0000	0
0.0000	derpy_mr_merc_wh2_main_def_inf_black_ark_corsairs_0	2	wh2_main_def_inf_black_ark_corsairs_0	false	0.0000	0
0.0000	derpy_mr_merc_wh2_main_def_inf_witch_elves_0	2	wh2_main_def_inf_witch_elves_0	false	0.0000	0
0.0000	derpy_mr_merc_wh2_main_skv_inf_gutter_runners_0	2	wh2_main_skv_inf_gutter_runners_0	false	0.0000	0
0.0000	derpy_mr_merc_wh_dlc05_wef_inf_glade_guard_0	2	wh_dlc05_wef_inf_glade_guard_0	false	0.0000	0
0.0000	derpy_mr_merc_wh_main_brt_cav_pegasus_knights	2	wh_main_brt_cav_pegasus_knights	false	0.0000	0
0.0000	derpy_mr_merc_wh_main_emp_cav_demigryph_knights_0	2	wh_main_emp_cav_demigryph_knights_0	false	0.0000	0
0.0000	derpy_mr_merc_wh_main_grn_inf_black_orcs	2	wh_main_grn_inf_black_orcs	false	0.0000	0
0.0000	derpy_mr_merc_wh3_main_ogr_mon_stonehorn_0	2	wh3_main_ogr_mon_stonehorn_0	false	0.0000	0
0.0000	derpy_mr_merc_wh3_dlc26_ogr_mon_thundertusk	2	wh3_dlc26_ogr_mon_thundertusk	false	0.0000	0
0.0000	derpy_mr_merc_wh_main_dwf_inf_irondrakes_0	2	wh_main_dwf_inf_irondrakes_0	false	0.0000	0
0.0000	derpy_mr_merc_wh2_main_hef_cav_silver_helms_0	2	wh2_main_hef_cav_silver_helms_0	false	0.0000	0
0.0000	derpy_mr_merc_wh3_dlc29_vmp_mon_zombie_dragon	2	wh3_dlc29_vmp_mon_zombie_dragon	false	0.0000	0
0.0000	derpy_mr_merc_wh3_main_cth_inf_dragon_guard_0	2	wh3_main_cth_inf_dragon_guard_0	false	0.0000	0
0.0000	derpy_mr_merc_wh_dlc08_nor_mon_frost_wyrm_0	2	wh_dlc08_nor_mon_frost_wyrm_0	false	0.0000	0
0.0000	derpy_mr_merc_wh2_main_def_inf_black_ark_corsairs_1	2	wh2_main_def_inf_black_ark_corsairs_1	false	0.0000	0
0.0000	derpy_mr_merc_wh_dlc05_wef_inf_waywatchers_0	2	wh_dlc05_wef_inf_waywatchers_0	false	0.0000	0
0.0000	derpy_mr_merc_wh2_main_skv_inf_poison_wind_globadiers	2	wh2_main_skv_inf_poison_wind_globadiers	false	0.0000	0
