group	initial_unit_count	key	pool	faction_requirement	subculture_requirement	tech_requirement
#mercenary_pool_to_groups_junctions_tables;3;db/mercenary_pool_to_groups_junctions_tables/derpy_more_resources
derpy_mr_merc_wh_main_dwf_inf_ironbreakers	0	181789100	wh3_dlc25_dwf_book_of_grudges_mercenary_pool			
derpy_mr_merc_wh_main_dwf_inf_hammerers	0	1297304319	wh3_dlc25_dwf_book_of_grudges_mercenary_pool			
derpy_mr_merc_wh2_main_hef_inf_swordmasters_of_hoeth_0	0	1936070123	wh2_main_hef_units_of_renown_pool			
derpy_mr_merc_wh2_main_hef_inf_phoenix_guard	0	1307630464	wh2_main_hef_units_of_renown_pool			
derpy_mr_merc_wh2_main_hef_cav_dragon_princes	0	1865566294	wh2_main_hef_units_of_renown_pool			
derpy_mr_merc_wh3_dlc23_chd_mon_lammasu	0	1301775506	wh3_dlc23_chd_units_of_renown_pool			
derpy_mr_merc_wh3_dlc23_chd_mon_bale_taurus	0	2112183583	wh3_dlc23_chd_units_of_renown_pool			
derpy_mr_merc_wh2_main_def_inf_black_ark_corsairs_0	0	2076544283	wh2_main_def_units_of_renown_pool			
derpy_mr_merc_wh2_main_def_inf_witch_elves_0	0	1991005566	wh2_main_def_units_of_renown_pool			
derpy_mr_merc_wh2_main_skv_inf_gutter_runners_0	0	1908726995	wh2_dlc12_skv_units_of_renown_pool			
derpy_mr_merc_wh_dlc05_wef_inf_glade_guard_0	0	1583868236	wh_dlc05_wef_units_of_renown_pool			
derpy_mr_merc_wh_main_brt_cav_pegasus_knights	0	913412482	wh_dlc07_brt_units_of_renown_pool			
derpy_mr_merc_wh_main_emp_cav_demigryph_knights_0	0	1919998218	wh_dlc04_emp_units_of_renown_pool			
derpy_mr_merc_wh_main_grn_inf_black_orcs	0	472103953	wh_dlc06_grn_units_of_renown_pool			
derpy_mr_merc_wh3_main_ogr_mon_stonehorn_0	0	2002829347	wh3_main_ogr_units_of_renown_pool			
derpy_mr_merc_wh3_dlc26_ogr_mon_thundertusk	0	203493002	wh3_main_ogr_units_of_renown_pool			
derpy_mr_merc_wh_main_dwf_inf_irondrakes_0	0	705712296	wh3_dlc25_dwf_book_of_grudges_mercenary_pool			
derpy_mr_merc_wh2_main_hef_cav_silver_helms_0	0	1433358845	wh2_main_hef_units_of_renown_pool			
derpy_mr_merc_wh3_dlc29_vmp_mon_zombie_dragon	0	379697827	wh_dlc04_vmp_units_of_renown_pool			
derpy_mr_merc_wh3_main_cth_inf_dragon_guard_0	0	689496363	wh3_main_cth_units_of_renown_pool			
derpy_mr_merc_wh_dlc08_nor_mon_frost_wyrm_0	0	1278450322	wh_dlc08_nor_units_of_renown_pool			
derpy_mr_merc_wh2_main_def_inf_black_ark_corsairs_1	0	214089101	wh2_main_def_units_of_renown_pool			
derpy_mr_merc_wh_dlc05_wef_inf_waywatchers_0	0	1920817266	wh_dlc05_wef_units_of_renown_pool			
derpy_mr_merc_wh2_main_skv_inf_poison_wind_globadiers	0	1102791252	wh2_dlc12_skv_units_of_renown_pool			
