unique_id	factor	resource	minimum	maximum	specific_faction_set	sort_order
#pooled_resource_factor_junctions_tables;3;db/pooled_resource_factor_junctions_tables/derpy_more_resources
derpy_mr_store_salted_fish_stocked	derpy_mr_stocked	derpy_mr_store_salted_fish	0	2147483647		0
derpy_mr_store_whale_oil_stocked	derpy_mr_stocked	derpy_mr_store_whale_oil	0	2147483647		0
derpy_mr_store_sea_dragon_hide_stocked	derpy_mr_stocked	derpy_mr_store_sea_dragon_hide	0	2147483647		0
derpy_mr_store_rum_stocked	derpy_mr_stocked	derpy_mr_store_rum	0	2147483647		0
derpy_mr_store_amber_stocked	derpy_mr_stocked	derpy_mr_store_amber	0	2147483647		0
derpy_mr_store_grain_stocked	derpy_mr_stocked	derpy_mr_store_grain	0	2147483647		0
derpy_mr_store_warhorses_stocked	derpy_mr_stocked	derpy_mr_store_warhorses	0	2147483647		0
derpy_mr_store_pipeweed_stocked	derpy_mr_stocked	derpy_mr_store_pipeweed	0	2147483647		0
derpy_mr_store_books_stocked	derpy_mr_stocked	derpy_mr_store_books	0	2147483647		0
derpy_mr_store_olive_oil_stocked	derpy_mr_stocked	derpy_mr_store_olive_oil	0	2147483647		0
derpy_mr_store_silk_stocked	derpy_mr_stocked	derpy_mr_store_silk	0	2147483647		0
derpy_mr_store_tea_stocked	derpy_mr_stocked	derpy_mr_store_tea	0	2147483647		0
derpy_mr_store_jade_stocked	derpy_mr_stocked	derpy_mr_store_jade	0	2147483647		0
derpy_mr_store_coal_stocked	derpy_mr_stocked	derpy_mr_store_coal	0	2147483647		0
derpy_mr_store_silver_stocked	derpy_mr_stocked	derpy_mr_store_silver	0	2147483647		0
derpy_mr_store_gromril_stocked	derpy_mr_stocked	derpy_mr_store_gromril	0	2147483647		0
derpy_mr_store_quicksilver_stocked	derpy_mr_stocked	derpy_mr_store_quicksilver	0	2147483647		0
derpy_mr_store_brimstone_stocked	derpy_mr_stocked	derpy_mr_store_brimstone	0	2147483647		0
derpy_mr_store_brass_stocked	derpy_mr_stocked	derpy_mr_store_brass	0	2147483647		0
derpy_mr_store_blackpowder_stocked	derpy_mr_stocked	derpy_mr_store_blackpowder	0	2147483647		0
derpy_mr_store_ithilmar_stocked	derpy_mr_stocked	derpy_mr_store_ithilmar	0	2147483647		0
derpy_mr_store_dragon_bone_stocked	derpy_mr_stocked	derpy_mr_store_dragon_bone	0	2147483647		0
derpy_mr_store_lustrian_plumes_stocked	derpy_mr_stocked	derpy_mr_store_lustrian_plumes	0	2147483647		0
derpy_mr_store_black_lotus_stocked	derpy_mr_stocked	derpy_mr_store_black_lotus	0	2147483647		0
derpy_mr_store_incense_stocked	derpy_mr_stocked	derpy_mr_store_incense	0	2147483647		0
derpy_mr_store_salted_meat_stocked	derpy_mr_stocked	derpy_mr_store_salted_meat	0	2147483647		0
derpy_mr_store_carpets_stocked	derpy_mr_stocked	derpy_mr_store_carpets	0	2147483647		0
derpy_mr_store_kvas_stocked	derpy_mr_stocked	derpy_mr_store_kvas	0	2147483647		0
derpy_mr_store_rhinox_hides_stocked	derpy_mr_stocked	derpy_mr_store_rhinox_hides	0	2147483647		0
derpy_mr_store_mead_stocked	derpy_mr_stocked	derpy_mr_store_mead	0	2147483647		0
derpy_mr_store_glassware_stocked	derpy_mr_stocked	derpy_mr_store_glassware	0	2147483647		0
derpy_mr_store_wool_stocked	derpy_mr_stocked	derpy_mr_store_wool	0	2147483647		0
derpy_mr_store_porcelain_stocked	derpy_mr_stocked	derpy_mr_store_porcelain	0	2147483647		0
derpy_mr_store_pearls_stocked	derpy_mr_stocked	derpy_mr_store_pearls	0	2147483647		0
derpy_mr_store_starwood_stocked	derpy_mr_stocked	derpy_mr_store_starwood	0	2147483647		0
derpy_mr_store_feathers_stocked	derpy_mr_stocked	derpy_mr_store_feathers	0	2147483647		0
derpy_mr_store_wyvern_scales_stocked	derpy_mr_stocked	derpy_mr_store_wyvern_scales	0	2147483647		0
derpy_mr_store_animals_stocked	derpy_mr_stocked	derpy_mr_store_animals	0	2147483647		0
derpy_mr_store_dyes_stocked	derpy_mr_stocked	derpy_mr_store_dyes	0	2147483647		0
derpy_mr_store_gems_stocked	derpy_mr_stocked	derpy_mr_store_gems	0	2147483647		0
derpy_mr_store_gold_idols_stocked	derpy_mr_stocked	derpy_mr_store_gold_idols	0	2147483647		0
derpy_mr_store_tusks_stocked	derpy_mr_stocked	derpy_mr_store_tusks	0	2147483647		0
derpy_mr_store_medicine_stocked	derpy_mr_stocked	derpy_mr_store_medicine	0	2147483647		0
derpy_mr_store_obsidian_stocked	derpy_mr_stocked	derpy_mr_store_obsidian	0	2147483647		0
derpy_mr_store_furs_stocked	derpy_mr_stocked	derpy_mr_store_furs	0	2147483647		0
derpy_mr_store_beer_stocked	derpy_mr_stocked	derpy_mr_store_beer	0	2147483647		0
derpy_mr_store_iron_stocked	derpy_mr_stocked	derpy_mr_store_iron	0	2147483647		0
derpy_mr_store_salt_stocked	derpy_mr_stocked	derpy_mr_store_salt	0	2147483647		0
derpy_mr_store_marble_stocked	derpy_mr_stocked	derpy_mr_store_marble	0	2147483647		0
derpy_mr_store_pottery_stocked	derpy_mr_stocked	derpy_mr_store_pottery	0	2147483647		0
derpy_mr_store_timber_stocked	derpy_mr_stocked	derpy_mr_store_timber	0	2147483647		0
derpy_mr_store_wine_stocked	derpy_mr_stocked	derpy_mr_store_wine	0	2147483647		0
derpy_mr_store_spices_stocked	derpy_mr_stocked	derpy_mr_store_spices	0	2147483647		0
derpy_mr_store_trinkets_stocked	derpy_mr_stocked	derpy_mr_store_trinkets	0	2147483647		0
