chain	chain_set	remove	slot_template	super_chain
#slot_template_permitted_building_chains_tables;0;db/slot_template_permitted_building_chains_tables/derpy_more_resources
derpy_mr_bld_gromril		false	wh2_dlc17_mine_of_bearded_skulls_major_secondary	
derpy_mr_bld_gromril		false	wh2_main_special_karak_zorn_secondary	
derpy_mr_bld_gromril		false	wh2_main_special_kraka_drak_secondary	
derpy_mr_bld_gromril		false	wh3_dlc25_chaos_region_mount_gunbad_special	
derpy_mr_bld_gromril		false	wh3_main_special_karak_vrag_secondary	
derpy_mr_bld_gromril		false	wh_main_special_black_crag_secondary	
derpy_mr_bld_gromril		false	wh_main_special_karak_azgal_secondary	
derpy_mr_bld_gromril		false	wh_main_special_karak_hirn_secondary	
derpy_mr_bld_gromril		false	wh_main_special_karak_ungor_secondary	
derpy_mr_bld_gromril		false	wh_main_special_karaz_a_karak_secondary	
derpy_mr_bld_gromril		false	wh_main_special_mount_gunbad_secondary	
derpy_mr_bld_gromril		false	wh_main_special_zhufbar_secondary	
derpy_mr_bld_ithilmar		false	wh2_main_special_hef_vauls_anvil_secondary	
derpy_mr_bld_ithilmar		false	wh2_main_special_tor_anlec_secondary	
derpy_mr_bld_ithilmar		false	wh2_main_special_tor_anroc_secondary	
derpy_mr_bld_dragon_bone_brt		false	wh2_main_special_hef_vauls_anvil_secondary	
derpy_mr_bld_dragon_bone_brt		false	wh3_dlc27_special_secondary_dragon_fang_mount	
derpy_mr_bld_dragon_bone_brt		false	wh3_dlc27_special_secondary_dragonhorn_mines	
derpy_mr_bld_dragon_bone_brt		false	wh3_main_chaos_region_dragon_fang_mount_special_secondary_medicine_roc_only	
derpy_mr_bld_dragon_bone_brt		false	wh_dlc15_special_plain_of_bones_darkhold_secondary	
derpy_mr_bld_dragon_bone_chd		false	wh2_main_special_hef_vauls_anvil_secondary	
derpy_mr_bld_dragon_bone_chd		false	wh3_dlc27_special_secondary_dragon_fang_mount	
derpy_mr_bld_dragon_bone_chd		false	wh3_dlc27_special_secondary_dragonhorn_mines	
derpy_mr_bld_dragon_bone_chd		false	wh3_main_chaos_region_dragon_fang_mount_special_secondary_medicine_roc_only	
derpy_mr_bld_dragon_bone_chd		false	wh_dlc15_special_plain_of_bones_darkhold_secondary	
derpy_mr_bld_dragon_bone_chs		false	wh2_main_special_hef_vauls_anvil_secondary	
derpy_mr_bld_dragon_bone_chs		false	wh3_dlc27_special_secondary_dragon_fang_mount	
derpy_mr_bld_dragon_bone_chs		false	wh3_dlc27_special_secondary_dragonhorn_mines	
derpy_mr_bld_dragon_bone_chs		false	wh3_main_chaos_region_dragon_fang_mount_special_secondary_medicine_roc_only	
derpy_mr_bld_dragon_bone_chs		false	wh_dlc15_special_plain_of_bones_darkhold_secondary	
derpy_mr_bld_dragon_bone_cst		false	wh2_main_special_hef_vauls_anvil_secondary	
derpy_mr_bld_dragon_bone_cst		false	wh3_dlc27_special_secondary_dragon_fang_mount	
derpy_mr_bld_dragon_bone_cst		false	wh3_dlc27_special_secondary_dragonhorn_mines	
derpy_mr_bld_dragon_bone_cst		false	wh3_main_chaos_region_dragon_fang_mount_special_secondary_medicine_roc_only	
derpy_mr_bld_dragon_bone_cst		false	wh_dlc15_special_plain_of_bones_darkhold_secondary	
derpy_mr_bld_dragon_bone_cth		false	wh2_main_special_hef_vauls_anvil_secondary	
derpy_mr_bld_dragon_bone_cth		false	wh3_dlc27_special_secondary_dragon_fang_mount	
derpy_mr_bld_dragon_bone_cth		false	wh3_dlc27_special_secondary_dragonhorn_mines	
derpy_mr_bld_dragon_bone_cth		false	wh3_main_chaos_region_dragon_fang_mount_special_secondary_medicine_roc_only	
derpy_mr_bld_dragon_bone_cth		false	wh_dlc15_special_plain_of_bones_darkhold_secondary	
derpy_mr_bld_dragon_bone_def		false	wh2_main_special_hef_vauls_anvil_secondary	
derpy_mr_bld_dragon_bone_def		false	wh3_dlc27_special_secondary_dragon_fang_mount	
derpy_mr_bld_dragon_bone_def		false	wh3_dlc27_special_secondary_dragonhorn_mines	
derpy_mr_bld_dragon_bone_def		false	wh3_main_chaos_region_dragon_fang_mount_special_secondary_medicine_roc_only	
derpy_mr_bld_dragon_bone_def		false	wh_dlc15_special_plain_of_bones_darkhold_secondary	
derpy_mr_bld_dragon_bone_dwf		false	wh2_main_special_hef_vauls_anvil_secondary	
derpy_mr_bld_dragon_bone_dwf		false	wh3_dlc27_special_secondary_dragon_fang_mount	
derpy_mr_bld_dragon_bone_dwf		false	wh3_dlc27_special_secondary_dragonhorn_mines	
derpy_mr_bld_dragon_bone_dwf		false	wh3_main_chaos_region_dragon_fang_mount_special_secondary_medicine_roc_only	
derpy_mr_bld_dragon_bone_dwf		false	wh_dlc15_special_plain_of_bones_darkhold_secondary	
derpy_mr_bld_dragon_bone_emp		false	wh2_main_special_hef_vauls_anvil_secondary	
derpy_mr_bld_dragon_bone_emp		false	wh3_dlc27_special_secondary_dragon_fang_mount	
derpy_mr_bld_dragon_bone_emp		false	wh3_dlc27_special_secondary_dragonhorn_mines	
derpy_mr_bld_dragon_bone_emp		false	wh3_main_chaos_region_dragon_fang_mount_special_secondary_medicine_roc_only	
derpy_mr_bld_dragon_bone_emp		false	wh_dlc15_special_plain_of_bones_darkhold_secondary	
derpy_mr_bld_dragon_bone_grn		false	wh2_main_special_hef_vauls_anvil_secondary	
derpy_mr_bld_dragon_bone_grn		false	wh3_dlc27_special_secondary_dragon_fang_mount	
derpy_mr_bld_dragon_bone_grn		false	wh3_dlc27_special_secondary_dragonhorn_mines	
derpy_mr_bld_dragon_bone_grn		false	wh3_main_chaos_region_dragon_fang_mount_special_secondary_medicine_roc_only	
derpy_mr_bld_dragon_bone_grn		false	wh_dlc15_special_plain_of_bones_darkhold_secondary	
derpy_mr_bld_dragon_bone_hef		false	wh2_main_special_hef_vauls_anvil_secondary	
derpy_mr_bld_dragon_bone_hef		false	wh3_dlc27_special_secondary_dragon_fang_mount	
derpy_mr_bld_dragon_bone_hef		false	wh3_dlc27_special_secondary_dragonhorn_mines	
derpy_mr_bld_dragon_bone_hef		false	wh3_main_chaos_region_dragon_fang_mount_special_secondary_medicine_roc_only	
derpy_mr_bld_dragon_bone_hef		false	wh_dlc15_special_plain_of_bones_darkhold_secondary	
derpy_mr_bld_dragon_bone_ksl		false	wh2_main_special_hef_vauls_anvil_secondary	
derpy_mr_bld_dragon_bone_ksl		false	wh3_dlc27_special_secondary_dragon_fang_mount	
derpy_mr_bld_dragon_bone_ksl		false	wh3_dlc27_special_secondary_dragonhorn_mines	
derpy_mr_bld_dragon_bone_ksl		false	wh3_main_chaos_region_dragon_fang_mount_special_secondary_medicine_roc_only	
derpy_mr_bld_dragon_bone_ksl		false	wh_dlc15_special_plain_of_bones_darkhold_secondary	
derpy_mr_bld_dragon_bone_lzd		false	wh2_main_special_hef_vauls_anvil_secondary	
derpy_mr_bld_dragon_bone_lzd		false	wh3_dlc27_special_secondary_dragon_fang_mount	
derpy_mr_bld_dragon_bone_lzd		false	wh3_dlc27_special_secondary_dragonhorn_mines	
derpy_mr_bld_dragon_bone_lzd		false	wh3_main_chaos_region_dragon_fang_mount_special_secondary_medicine_roc_only	
derpy_mr_bld_dragon_bone_lzd		false	wh_dlc15_special_plain_of_bones_darkhold_secondary	
derpy_mr_bld_dragon_bone_nor		false	wh2_main_special_hef_vauls_anvil_secondary	
derpy_mr_bld_dragon_bone_nor		false	wh3_dlc27_special_secondary_dragon_fang_mount	
derpy_mr_bld_dragon_bone_nor		false	wh3_dlc27_special_secondary_dragonhorn_mines	
derpy_mr_bld_dragon_bone_nor		false	wh3_main_chaos_region_dragon_fang_mount_special_secondary_medicine_roc_only	
derpy_mr_bld_dragon_bone_nor		false	wh_dlc15_special_plain_of_bones_darkhold_secondary	
derpy_mr_bld_dragon_bone_ogr		false	wh2_main_special_hef_vauls_anvil_secondary	
derpy_mr_bld_dragon_bone_ogr		false	wh3_dlc27_special_secondary_dragon_fang_mount	
derpy_mr_bld_dragon_bone_ogr		false	wh3_dlc27_special_secondary_dragonhorn_mines	
derpy_mr_bld_dragon_bone_ogr		false	wh3_main_chaos_region_dragon_fang_mount_special_secondary_medicine_roc_only	
derpy_mr_bld_dragon_bone_ogr		false	wh_dlc15_special_plain_of_bones_darkhold_secondary	
derpy_mr_bld_dragon_bone_skv		false	wh2_main_special_hef_vauls_anvil_secondary	
derpy_mr_bld_dragon_bone_skv		false	wh3_dlc27_special_secondary_dragon_fang_mount	
derpy_mr_bld_dragon_bone_skv		false	wh3_dlc27_special_secondary_dragonhorn_mines	
derpy_mr_bld_dragon_bone_skv		false	wh3_main_chaos_region_dragon_fang_mount_special_secondary_medicine_roc_only	
derpy_mr_bld_dragon_bone_skv		false	wh_dlc15_special_plain_of_bones_darkhold_secondary	
derpy_mr_bld_dragon_bone_vmp		false	wh2_main_special_hef_vauls_anvil_secondary	
derpy_mr_bld_dragon_bone_vmp		false	wh3_dlc27_special_secondary_dragon_fang_mount	
derpy_mr_bld_dragon_bone_vmp		false	wh3_dlc27_special_secondary_dragonhorn_mines	
derpy_mr_bld_dragon_bone_vmp		false	wh3_main_chaos_region_dragon_fang_mount_special_secondary_medicine_roc_only	
derpy_mr_bld_dragon_bone_vmp		false	wh_dlc15_special_plain_of_bones_darkhold_secondary	
derpy_mr_bld_dragon_bone_wef		false	wh2_main_special_hef_vauls_anvil_secondary	
derpy_mr_bld_dragon_bone_wef		false	wh3_dlc27_special_secondary_dragon_fang_mount	
derpy_mr_bld_dragon_bone_wef		false	wh3_dlc27_special_secondary_dragonhorn_mines	
derpy_mr_bld_dragon_bone_wef		false	wh3_main_chaos_region_dragon_fang_mount_special_secondary_medicine_roc_only	
derpy_mr_bld_dragon_bone_wef		false	wh_dlc15_special_plain_of_bones_darkhold_secondary	
derpy_mr_bld_sea_dragon_hide		false	wh2_main_special_hag_graef_secondary	
derpy_mr_bld_sea_dragon_hide		false	wh2_main_special_karond_kar_secondary	
derpy_mr_bld_sea_dragon_hide		false	wh2_main_special_naggarond_secondary	
derpy_mr_bld_sea_dragon_hide		false	wh3_dlc20_special_fortress_of_the_damned_secondary	
derpy_mr_bld_sea_dragon_hide		false	wh3_dlc27_special_arnheim_secondary	
derpy_mr_bld_sea_dragon_hide		false	wh3_dlc29_special_the_twisted_glade_secondary	
derpy_mr_bld_black_lotus_def		false	wh2_main_special_golden_tower_of_the_gods_secondary	
derpy_mr_bld_black_lotus_def		false	wh3_dlc26_special_cuexotl_secondary	
derpy_mr_bld_black_lotus_def		false	wh_main_human_major_secondary_teotiqua	
derpy_mr_bld_black_lotus_skv		false	wh2_main_special_golden_tower_of_the_gods_secondary	
derpy_mr_bld_black_lotus_skv		false	wh3_dlc26_special_cuexotl_secondary	
derpy_mr_bld_black_lotus_skv		false	wh_main_human_major_secondary_teotiqua	
derpy_mr_bld_starwood		false	wh_dlc05_elf_major_secondary_oak_of_ages	
derpy_mr_bld_starwood		false	wh_main_special_crag_halls_secondary	
derpy_mr_bld_starwood		false	wh_main_special_vauls_anvil_secondary	
derpy_mr_bld_starwood		false	wh_main_special_waterfall_palace_secondary	
derpy_mr_bld_starwood		false	wh_main_special_yn_edryl_korian_secondary	
derpy_mr_bld_feathers_brt		false	wh2_main_special_castle_drachenfels_secondary	
derpy_mr_bld_feathers_brt		false	wh3_dlc20_special_brass_keep_secondary	
derpy_mr_bld_feathers_brt		false	wh3_dlc24_special_black_pit_secondary	
derpy_mr_bld_feathers_brt		false	wh_main_special_massif_orca_secondary	
derpy_mr_bld_feathers_emp		false	wh2_main_special_castle_drachenfels_secondary	
derpy_mr_bld_feathers_emp		false	wh3_dlc20_special_brass_keep_secondary	
derpy_mr_bld_feathers_emp		false	wh3_dlc24_special_black_pit_secondary	
derpy_mr_bld_feathers_emp		false	wh_main_special_massif_orca_secondary	
derpy_mr_bld_wyvern_scales_grn		false	wh3_cp1_human_minor_secondary_amblepeak	
derpy_mr_bld_wyvern_scales_grn		false	wh3_cp1_human_minor_secondary_gorger_rock	
derpy_mr_bld_wyvern_scales_grn		false	wh3_cp1_human_minor_secondary_titans_notch	
derpy_mr_bld_wyvern_scales_grn		false	wh3_cp1_human_minor_secondary_vale_of_titans	
derpy_mr_bld_wyvern_scales_grn		false	wh3_cp1_human_minor_secondary_valley_of_horns	
derpy_mr_bld_wyvern_scales_grn		false	wh3_cp1_human_minor_secondary_yhetee_peak	
derpy_mr_bld_wyvern_scales_grn		false	wh3_dlc24_special_deff_gorge_secondary	
derpy_mr_bld_wyvern_scales_grn		false	wh3_dlc24_special_maw_gate_secondary	
derpy_mr_bld_wyvern_scales_grn		false	wh3_dlc27_special_secondary_bloodpeak	
derpy_mr_bld_wyvern_scales_grn		false	wh3_dlc27_special_secondary_grimtop	
derpy_mr_bld_wyvern_scales_grn		false	wh3_main_human_minor_secondary_ivory_karak_krakaten	
derpy_mr_bld_wyvern_scales_grn		false	wh3_main_special_fire_mouth_secondary_furs	
derpy_mr_bld_wyvern_scales_grn		false	wh3_main_special_karak_vrag_secondary	
derpy_mr_bld_wyvern_scales_grn		false	wh3_main_special_sabre_mountain_secondary	
derpy_mr_bld_wyvern_scales_ogr		false	wh3_cp1_human_minor_secondary_amblepeak	
derpy_mr_bld_wyvern_scales_ogr		false	wh3_cp1_human_minor_secondary_gorger_rock	
derpy_mr_bld_wyvern_scales_ogr		false	wh3_cp1_human_minor_secondary_titans_notch	
derpy_mr_bld_wyvern_scales_ogr		false	wh3_cp1_human_minor_secondary_vale_of_titans	
derpy_mr_bld_wyvern_scales_ogr		false	wh3_cp1_human_minor_secondary_valley_of_horns	
derpy_mr_bld_wyvern_scales_ogr		false	wh3_cp1_human_minor_secondary_yhetee_peak	
derpy_mr_bld_wyvern_scales_ogr		false	wh3_dlc24_special_deff_gorge_secondary	
derpy_mr_bld_wyvern_scales_ogr		false	wh3_dlc24_special_maw_gate_secondary	
derpy_mr_bld_wyvern_scales_ogr		false	wh3_dlc27_special_secondary_bloodpeak	
derpy_mr_bld_wyvern_scales_ogr		false	wh3_dlc27_special_secondary_grimtop	
derpy_mr_bld_wyvern_scales_ogr		false	wh3_main_human_minor_secondary_ivory_karak_krakaten	
derpy_mr_bld_wyvern_scales_ogr		false	wh3_main_special_fire_mouth_secondary_furs	
derpy_mr_bld_wyvern_scales_ogr		false	wh3_main_special_karak_vrag_secondary	
derpy_mr_bld_wyvern_scales_ogr		false	wh3_main_special_sabre_mountain_secondary	
